<?xml version="1.0" encoding="UTF-8"?>
<project-private xmlns="http://www.netbeans.org/ns/project-private/1">
    <editor-bookmarks xmlns="http://www.netbeans.org/ns/editor-bookmarks/2" lastBookmarkId="0"/>
    <open-files xmlns="http://www.netbeans.org/ns/projectui-open-files/2">
        <group>
            <file>file:/Users/bravee06/Documents/fpt_education/LAB211/J1SP0055_Doctor_Manage/src/view/Menu.java</file>
            <file>file:/Users/bravee06/Documents/fpt_education/LAB211/J1SP0055_Doctor_Manage/src/view/Main.java</file>
            <file>file:/Users/bravee06/Documents/fpt_education/LAB211/J1SP0055_Doctor_Manage/src/controller/Validation.java</file>
            <file>file:/Users/bravee06/Documents/fpt_education/LAB211/J1SP0055_Doctor_Manage/src/model/Doctor.java</file>
            <file>file:/Users/bravee06/Documents/fpt_education/LAB211/J1SP0055_Doctor_Manage/src/controller/DoctorHash.java</file>
        </group>
    </open-files>
</project-private>
