<?xml version="1.0" encoding="UTF-8"?>
<project-private xmlns="http://www.netbeans.org/ns/project-private/1">
    <editor-bookmarks xmlns="http://www.netbeans.org/ns/editor-bookmarks/2" lastBookmarkId="0"/>
    <open-files xmlns="http://www.netbeans.org/ns/projectui-open-files/2">
        <group>
            <file>file:/Users/bravee06/Documents/fpt_education/LAB211/Lab211_Fall_2023/J1.L.P0025_HCM_Store_Manage/src/manage/ProductManage.java</file>
            <file>file:/Users/bravee06/Documents/fpt_education/LAB211/Lab211_Fall_2023/J1.L.P0025_HCM_Store_Manage/src/utils/FileManage.java</file>
        </group>
    </open-files>
</project-private>
