<?xml version="1.0" encoding="UTF-8"?>
<project-private xmlns="http://www.netbeans.org/ns/project-private/1">
    <editor-bookmarks xmlns="http://www.netbeans.org/ns/editor-bookmarks/2" lastBookmarkId="0"/>
    <open-files xmlns="http://www.netbeans.org/ns/projectui-open-files/2">
        <group/>
        <group name="All Code">
            <file>file:/D:/HiepTVHE173252/HE173252_SPRING23/LAB211/LAB211_Project/J1.S.P0009/src/VerTuanVM/Main.java</file>
            <file>file:/D:/HiepTVHE173252/HE173252_SPRING23/LAB211/LAB211_Project/J1.S.P0009/src/VerRutGon/Main.java</file>
        </group>
    </open-files>
</project-private>
