<?xml version="1.0" encoding="UTF-8"?>
<project-private xmlns="http://www.netbeans.org/ns/project-private/1">
    <editor-bookmarks xmlns="http://www.netbeans.org/ns/editor-bookmarks/2" lastBookmarkId="0"/>
    <open-files xmlns="http://www.netbeans.org/ns/projectui-open-files/2">
        <group>
            <file>file:/Users/bravee06/Documents/fpt_education/LAB211/J1.L.P0026_Flight_Management/src/controller/Validation.java</file>
            <file>file:/Users/bravee06/Documents/fpt_education/LAB211/J1.L.P0026_Flight_Management/src/model/Reservation.java</file>
            <file>file:/Users/bravee06/Documents/fpt_education/LAB211/J1.L.P0026_Flight_Management/src/model/GroundStaff.java</file>
            <file>file:/Users/bravee06/Documents/fpt_education/LAB211/J1.L.P0026_Flight_Management/src/view/Menu.java</file>
            <file>file:/Users/bravee06/Documents/fpt_education/LAB211/J1.L.P0026_Flight_Management/src/model/Crew.java</file>
            <file>file:/Users/bravee06/Documents/fpt_education/LAB211/J1.L.P0026_Flight_Management/src/model/Flight.java</file>
            <file>file:/Users/bravee06/Documents/fpt_education/LAB211/J1.L.P0026_Flight_Management/src/model/Seat.java</file>
            <file>file:/Users/bravee06/Documents/fpt_education/LAB211/J1.L.P0026_Flight_Management/src/model/Passenger.java</file>
            <file>file:/Users/bravee06/Documents/fpt_education/LAB211/J1.L.P0026_Flight_Management/src/model/FlightAttendant.java</file>
            <file>file:/Users/bravee06/Documents/fpt_education/LAB211/J1.L.P0026_Flight_Management/src/controller/FlightManagementSystem.java</file>
            <file>file:/Users/bravee06/Documents/fpt_education/LAB211/J1.L.P0026_Flight_Management/src/model/Pilot.java</file>
        </group>
    </open-files>
</project-private>
