<?xml version="1.0" encoding="UTF-8"?>
<project-private xmlns="http://www.netbeans.org/ns/project-private/1">
    <editor-bookmarks xmlns="http://www.netbeans.org/ns/editor-bookmarks/2" lastBookmarkId="0"/>
    <open-files xmlns="http://www.netbeans.org/ns/projectui-open-files/2">
        <group>
            <file>file:/E:/Tai%20lieu%20hoc%20tap/ki3/Lab/Lab%201817/JavaApplication23/src/util/Validation.java</file>
            <file>file:/E:/Tai%20lieu%20hoc%20tap/ki3/Lab/Lab%201817/JavaApplication23/src/Main.java</file>
            <file>file:/E:/Tai%20lieu%20hoc%20tap/ki3/Lab/Lab%201817/JavaApplication23/src/view/Input.java</file>
            <file>file:/E:/Tai%20lieu%20hoc%20tap/ki3/Lab/Lab%201817/JavaApplication23/src/model/Doctor.java</file>
            <file>file:/E:/Tai%20lieu%20hoc%20tap/ki3/Lab/Lab%201817/JavaApplication23/src/controller/Application.java</file>
            <file>file:/E:/Tai%20lieu%20hoc%20tap/ki3/Lab/Lab%201817/JavaApplication23/src/model/DoctorHash.java</file>
        </group>
    </open-files>
</project-private>
